"Reference","Value","Datasheet","Footprint","Qty","DNP","BTDNP","MPN","USBDNP"
"C1,C17,C23,C32","100n","~","Capacitor_SMD:C_0201_0603Metric","4","","","",""
"C2,C4,C15,C24","100n","~","Capacitor_SMD:C_0201_0603Metric","4","","","","YES"
"C3","10uF/10V (20%)","~","Capacitor_SMD:C_0603_1608Metric","1","","","","YES"
"C5,C6,C7,C14","100nF","~","Capacitor_SMD:C_0603_1608Metric","4","","","",""
"C8,C26,C28","1u","~","Capacitor_SMD:C_0201_0603Metric","3","","","","YES"
"C9,C10,C11,C12",".047u","~","Capacitor_SMD:C_0603_1608Metric_Pad1.08x0.95mm_HandSolder","4","","","",""
"C13,C18,C21,C22","100n","~","Capacitor_SMD:C_0402_1005Metric","4","","","",""
"C16","47uF 6.3v","~","Capacitor_Tantalum_SMD:CP_EIA-3216-18_Kemet-A","1","","","",""
"C19","1u","~","Capacitor_SMD:C_0402_1005Metric","1","","","",""
"C20,C25","10uF","~","Capacitor_SMD:C_0805_2012Metric","2","","","",""
"C27","10uF","~","Capacitor_SMD:C_0402_1005Metric","1","","","","YES"
"C30,C31","1uF","~","Capacitor_SMD:C_0201_0603Metric","2","","","",""
"D1,D2,D3","CUS08F30","-- mixed values --","Diode_SMD:D_SOD-323_HandSoldering","3","","","CUS08F30",""
"D4","CUS08F30","","Diode_SMD:D_SOD-323_HandSoldering","1","","","CUS08F30","YES"
"J1","Conn_01x04_Pin","~","Connector_PinHeader_2.00mm:PinHeader_1x04_P2.00mm_Vertical","1","","","",""
"J2,J4","SM02B-SURS-TF_LF__SN_","","hhl:JST_SM02B-SURS-TF_LF__SN_","2","","","SM02B-SURS-TF(LF)(SN)",""
"J3","To Button Board","~","progcc_v3:molex_5051101492_14P","1","","","molex_5051101492_14P",""
"J9","USB_C_Receptacle","https://www.usb.org/sites/default/files/documents/usb_type-c.zip","progcc_v3:Shou Han Type-C 24P QCHT","1","","","Shou Han Type-C 24P QCHT",""
"L1,L2,L3,L4,L5,L6,L7,L8,L10,L11,L12,L13","SK6805-EC-10","https://cdn-shop.adafruit.com/product-files/5849/SK6805-EC10-000_REV.01_EN.pdf","hhl:SK6805-EC-10","12","","","SK6805-EC-15",""
"L9","1.3A 2.2uH ±20% 80mΩ","~","Inductor_SMD:L_1008_2520Metric","1","","","MIP25202R2MBE",""
"Q4,Q5","BSS138DW","https://datasheet.lcsc.com/lcsc/1912111437_Diodes-Incorporated-BSS138DW-7-F_C154900.pdf","Package_TO_SOT_SMD:SOT-363_SC-70-6","2","","","BSS138DW-7-F",""
"Q7,Q8","MMBT3904","https://www.onsemi.com/pdf/datasheet/pzt3904-d.pdf","Package_TO_SOT_SMD:SOT-23","2","","","MMBT3904","YES"
"R1,R2,R4,R38","0R","~","Resistor_SMD:R_0603_1608Metric_Pad0.98x0.95mm_HandSolder","4","","YES","",""
"R3,R6,R7,R10,R11,R12,R13,R14,R15,R16,R17,R18,R19,R20,R23","1k","~","Resistor_SMD:R_0201_0603Metric","15","","","",""
"R5,R21","10k","~","Resistor_SMD:R_0201_0603Metric","2","","","",""
"R8,R9","5.1k","~","Resistor_SMD:R_0201_0603Metric","2","","","",""
"R22","330","~","Resistor_SMD:R_0402_1005Metric","1","","","",""
"R24,R25,R26,R31,R32,R33","10k","~","Resistor_SMD:R_0201_0603Metric","6","","","","YES"
"R27,R28","0","~","Resistor_SMD:R_0201_0603Metric","2","","","","YES"
"R29,R30","27","~","Resistor_SMD:R_0201_0603Metric","2","","","",""
"R34,R35","75k","~","Resistor_SMD:R_0603_1608Metric","2","","","","YES"
"R36","100","~","Resistor_SMD:R_0201_0603Metric","1","","","",""
"R37","1.2k","~","Resistor_SMD:R_0201_0603Metric","1","","","",""
"SW1,SW2","GL1807SYAE-002","${KIPRJMOD}/../progcc_v3_libs/docs/GuliKit Hall stick GL18,hall sensor datasheet.pdf","hhl:GL1807SYAE","2","","","GL1807SYAE-002",""
"SW3","1TS026A-1000-0550","https://datasheet.lcsc.com/lcsc/2201131300_HYP--Hongyuan-Precision-1TS026A-1000-0550-CT_C913778.pdf","hhl:1TS026A-1000-0550","1","","","1TS026A-1000-0550",""
"SW4","TS35CA","${KIPRJMOD}/../progcc_v3_libs/docs/1912111437_SHOU-HAN-TS35CA_C412366.pdf","hhl:TS35CA","1","","","TS35CA",""
"SW5","1TS026A-1000-0550","https://datasheet.lcsc.com/lcsc/2201131300_HYP--Hongyuan-Precision-1TS026A-1000-0550-CT_C913778.pdf","hhl:1TS026A-1000-0550","1","","","1TS026A-1000-0550","YES"
"U5,U11","ST_LSM6","","hhl:LGA14","2","","","LSM6DSRTR",""
"U6","RP2040","${KIPRJMOD}/../progcc_v3_libs/docs/rp2040-datasheet.pdf","Package_DFN_QFN:QFN-56-1EP_7x7mm_P0.4mm_EP3.2x3.2mm","1","","","RP2040",""
"U7","CH340K","https://cdn.sparkfun.com/assets/5/0/a/8/5/CH340DS1.PDF","hhl:ESSOP-10","1","","","CH340K","YES"
"U8,U10","MCP3002","http://ww1.microchip.com/downloads/en/DeviceDoc/21294E.pdf","Package_SO:MSOP-8_3x3mm_P0.65mm","2","","","MCP3002-I/MS",""
"U9","ESP32-PICO-MINI-02","","hhl:MODULE_ESP32-PICO-MINI-02","1","","","ESP32-PICO-MINI-02","YES"
"U12","PI3USB4000A","https://datasheet.lcsc.com/lcsc/1811141855_Diodes-Incorporated-PI3USB4000AZUAEX_C294596.pdf","Package_DFN_QFN:Texas_UQFN-10_1.5x2mm_P0.5mm","1","","","PI3USB4000AZUAEX","YES"
"U13","GD25Q80EEIGR","https://datasheet.lcsc.com/lcsc/2108150330_GigaDevice-Semicon-Beijing-GD25Q80EEIGR_C2874937.pdf","hhl:USON-8-EP(2x3)","1","","","GD25Q80EEIGR",""
"U14","TPS63001DRCR","","hhl:VREG_V62_16624-01YE","1","","","TPS63001DRCR",""
"U15","DRV2605LYZFR","https://www.ti.com/lit/ds/symlink/drv2605l.pdf?ts=1704174329783&ref_url=https%253A%252F%252Fwww.ti.com%252Fproduct%252FDRV2605L","Package_BGA:Texas_DSBGA-9_1.4715x1.4715mm_Layout3x3_P0.5mm","1","","","DRV2605LYZFR",""
"U16","BQ25180","https://www.ti.com/lit/ds/symlink/bq21061.pdf","hhl:DSBGA","1","","","BQ25180","YES"
"Y1","Crystal_GND3","~","Crystal:Resonator_SMD_Murata_CSTxExxV-3Pin_3.0x1.1mm","1","","","CSTNE12M0GH5L000R0",""
